Farm Name,Geolocation Boundaries,SOC (tonnes/hectare)
Pleasant meadows,"(( 34.77440523379798,-0.11666704701814012 ),(34.77278823232007,-0.1220955401923618),(34.77655353576074, -0.12323898861639293),(34.77830913736511, -0.11783359564127238),(34.77440523379798,-0.11666704701814012))",200000
Green fields,"(( 34.77440523379798,-0.11666704701814012 ),(34.77278823232007,-0.1220955401923618),(34.77655353576074, -0.12323898861639293),(34.77830913736511, -0.11783359564127238),(34.77440523379798,-0.11666704701814012))",150000
Bella Vista,"(( 34.77440523379798,-0.11666704701814012 ),(34.77278823232007,-0.1220955401923618),(34.77655353576074, -0.12323898861639293),(34.77830913736511, -0.11783359564127238),(34.77440523379798,-0.11666704701814012))",175000
Dominion farms,"(( 34.77440523379798,-0.11666704701814012 ),(34.77278823232007,-0.1220955401923618),(34.77655353576074, -0.12323898861639293),(34.77830913736511, -0.11783359564127238),(34.77440523379798,-0.11666704701814012))",12500
Yala swaps,"(( 34.77440523379798,-0.11666704701814012 ),(34.77278823232007,-0.1220955401923618),(34.77655353576074, -0.12323898861639293),(34.77830913736511, -0.11783359564127238),(34.77440523379798,-0.11666704701814012))",120000
Kano swaps,"(( 34.77440523379798,-0.11666704701814012 ),(34.77278823232007,-0.1220955401923618),(34.77655353576074, -0.12323898861639293),(34.77830913736511, -0.11783359564127238),(34.77440523379798,-0.11666704701814012))",150000
Ahero plans,"(( 34.77440523379798,-0.11666704701814012 ),(34.77278823232007,-0.1220955401923618),(34.77655353576074, -0.12323898861639293),(34.77830913736511, -0.11783359564127238),(34.77440523379798,-0.11666704701814012))",155000