Farm Name,Geolocation Boundaries,SOC (tonnes/hectare)
Pleasant meadows,"MULTIPOLYGON (((36.8341751750285 -1.26801839654811,36.8350227383539 -1.26793022898048,36.83566765717 -1.26881122560586,36.8349179606825 -1.26936711858113,36.8338898220027 -1.26908976855033,36.8341751750285 -1.26801839654811)))",200000
Green fields,"MULTIPOLYGON (((36.8341751750285 -1.26801839654811,36.8350227383539 -1.26793022898048,36.83566765717 -1.26881122560586,36.8349179606825 -1.26936711858113,36.8338898220027 -1.26908976855033,36.8341751750285 -1.26801839654811)))",150000
Bella Vista,"POLYGON ((36.8341751750285 -1.26801839654811,36.8350227383539 -1.26793022898048,36.83566765717 -1.26881122560586,36.8349179606825 -1.26936711858113,36.8338898220027 -1.26908976855033,36.8341751750285 -1.26801839654811))",175000
Dominion farms,"MULTIPOLYGON (((36.8341751750285 -1.26801839654811,36.8350227383539 -1.26793022898048,36.83566765717 -1.26881122560586,36.8349179606825 -1.26936711858113,36.8338898220027 -1.26908976855033,36.8341751750285 -1.26801839654811)))",12500
Yala swaps,"MULTIPOLYGON (((36.8341751750285 -1.26801839654811,36.8350227383539 -1.26793022898048,36.83566765717 -1.26881122560586,36.8349179606825 -1.26936711858113,36.8338898220027 -1.26908976855033,36.8341751750285 -1.26801839654811)))",120000
Kano swaps,"MULTIPOLYGON (((36.8341751750285 -1.26801839654811,36.8350227383539 -1.26793022898048,36.83566765717 -1.26881122560586,36.8349179606825 -1.26936711858113,36.8338898220027 -1.26908976855033,36.8341751750285 -1.26801839654811)))",150000
Ahero plans,"MULTIPOLYGON (((36.8341751750285 -1.26801839654811,36.8350227383539 -1.26793022898048,36.83566765717 -1.26881122560586,36.8349179606825 -1.26936711858113,36.8338898220027 -1.26908976855033,36.8341751750285 -1.26801839654811)))",155000
